EventIndex;TotalTime;RelativeTime;SkeletonId;Joint;Status;EuclideanDistance
44;2,5544152;0,066982;7,20576E+16;WristRight;TRACKED;0,06299419
45;2,5874204;0,0999872;7,20576E+16;WristRight;TRACKED;0,1389304
46;2,654525;0,1670918;7,20576E+16;WristRight;TRACKED;0,3054438
47;2,7215177;0,2340845;7,20576E+16;WristRight;TRACKED;0,5428949
62;3,4874571;0,0330041;7,20576E+16;WristRight;TRACKED;0,000548146
63;3,5215087;0,0670557;7,20576E+16;WristRight;TRACKED;0,01055272
64;3,5874262;0,1329732;7,20576E+16;WristRight;TRACKED;0,07771932
65;3,654417;0,199964;7,20576E+16;WristRight;TRACKED;0,2720596
66;3,6874412;0,2329882;7,20576E+16;WristRight;TRACKED;0,3332417
67;3,7544335;0,2999805;7,20576E+16;WristRight;TRACKED;0,5696943
68;3,7874552;0,3330022;7,20576E+16;WristRight;TRACKED;0,7007292
82;4,521519;0,0340658;7,20576E+16;WristRight;TRACKED;3,90436E-05
83;4,5874453;0,0999921;7,20576E+16;WristRight;TRACKED;0,001412105
84;4,6544297;0,1669765;7,20576E+16;WristRight;TRACKED;0,0357646
85;4,6874363;0,1999831;7,20576E+16;WristRight;TRACKED;0,08488701
86;4,7215309;0,2340777;7,20576E+16;WristRight;TRACKED;0,182016
87;4,7874181;0,2999649;7,20576E+16;WristRight;TRACKED;0,4080757
88;4,854447;0,3669938;7,20576E+16;WristRight;TRACKED;0,625519
102;5,5544225;0,0328967;7,20576E+16;WristRight;TRACKED;0,003913606
103;5,6215003;0,0999745;7,20576E+16;WristRight;TRACKED;0,003021115
104;5,6874441;0,1659183;7,20576E+16;WristRight;TRACKED;0,007681974
105;5,7544247;0,2328989;7,20576E+16;WristRight;TRACKED;0,05959809
106;5,7874489;0,2659231;7,20576E+16;WristRight;TRACKED;0,1376447
107;5,8874829;0,3659571;7,20576E+16;WristRight;TRACKED;0,4160618
123;6,7215241;0,0340887;7,20576E+16;WristRight;TRACKED;0,004232689
124;6,7874552;0,1000198;7,20576E+16;WristRight;TRACKED;0,05818334
125;6,8544113;0,1669759;7,20576E+16;WristRight;TRACKED;0,2179652
126;6,8874126;0,1999772;7,20576E+16;WristRight;TRACKED;0,2670141
127;6,9544576;0,2670222;7,20576E+16;WristRight;TRACKED;0,5470815
128;7,0215305;0,3340951;7,20576E+16;WristRight;TRACKED;0,8243839
130;7,121522;0,4340866;7,20576E+16;WristRight;TRACKED;0,8924156
145;7,8874414;0,0330061;7,20576E+16;WristRight;TRACKED;0,03001269
146;7,9544317;0,0999964;7,20576E+16;WristRight;TRACKED;0,1510289
147;8,0215109;0,1670756;7,20576E+16;WristRight;TRACKED;0,2973461
148;8,087444;0,2330087;7,20576E+16;WristRight;TRACKED;0,5431192
149;8,1216007;0,2671654;7,20576E+16;WristRight;TRACKED;0,6723844
151;8,2544489;0,4000136;7,20576E+16;WristRight;TRACKED;0,9287688
162;8,8215225;0,0670236;7,20576E+16;WristRight;TRACKED;0,006626975
163;8,8544514;0,0999525;7,20576E+16;WristRight;TRACKED;0,006772885
164;8,8874331;0,1329342;7,20576E+16;WristRight;TRACKED;0,003595785
165;8,9544356;0,1999367;7,20576E+16;WristRight;TRACKED;0,01393608
166;8,9874701;0,2329712;7,20576E+16;WristRight;TRACKED;0,04795561
167;9,0215588;0,2670599;7,20576E+16;WristRight;TRACKED;0,1029444
168;9,0544452;0,2999463;7,20576E+16;WristRight;TRACKED;0,1451853
169;9,1215015;0,3670026;7,20576E+16;WristRight;TRACKED;0,353818
170;9,1874317;0,4329328;7,20576E+16;WristRight;TRACKED;0,6600575
171;9,2215536;0,4670547;7,20576E+16;WristRight;TRACKED;0,7233477
187;10,0544462;0,0329245;7,20576E+16;WristRight;TRACKED;0,04754378
188;10,0874348;0,0659131;7,20576E+16;WristRight;TRACKED;0,1029773
189;10,1215308;0,1000091;7,20576E+16;WristRight;TRACKED;0,1498463
190;10,187463;0,1659413;7,20576E+16;WristRight;TRACKED;0,330702
191;10,2217187;0,200197;7,20576E+16;WristRight;TRACKED;0,466597
192;10,2874545;0,2659328;7,20576E+16;WristRight;TRACKED;0,7784035
211;11,2544391;0,0328352;7,20576E+16;WristRight;TRACKED;0,01068684
212;11,3215432;0,0999393;7,20576E+16;WristRight;TRACKED;0,1093782
213;11,3544541;0,1328502;7,20576E+16;WristRight;TRACKED;0,2142313
230;12,3215203;0,0340814;7,20576E+16;WristRight;TRACKED;0,01405303
231;12,3544512;0,0670123;7,20576E+16;WristRight;TRACKED;0,0377124
232;12,421566;0,1341271;7,20576E+16;WristRight;TRACKED;0,1966567
233;12,4544466;0,1670077;7,20576E+16;WristRight;TRACKED;0,3457652
237;12,7215358;0,4340969;7,20576E+16;WristRight;TRACKED;0,5447534
249;13,3544536;0,032905;7,20576E+16;WristRight;TRACKED;0,009382561
250;13,4215323;0,0999837;7,20576E+16;WristRight;TRACKED;0,07172274
251;13,454451;0,1329024;7,20576E+16;WristRight;TRACKED;0,1611225
252;13,4874523;0,1659037;7,20576E+16;WristRight;TRACKED;0,2356425
253;13,5215205;0,1999719;7,20576E+16;WristRight;TRACKED;0,409106
270;14,4544696;0,0670157;7,20576E+16;WristRight;TRACKED;0,02612571
271;14,5216382;0,1341843;7,20576E+16;WristRight;TRACKED;0,1463678
272;14,5874809;0,200027;7,20576E+16;WristRight;TRACKED;0,4236174
273;14,6544556;0,2670017;7,20576E+16;WristRight;TRACKED;0,4431533
275;14,7544672;0,3670133;7,20576E+16;WristRight;TRACKED;0,5828546
288;15,5544587;0,0998924;7,20576E+16;WristRight;TRACKED;0,102331
289;15,5874712;0,1329049;7,20576E+16;WristRight;TRACKED;0,1621567
290;15,6545186;0,1999523;7,20576E+16;WristRight;TRACKED;0,3040668
292;15,8215532;0,3669869;7,20576E+16;WristRight;TRACKED;0,6252084
306;16,5216006;0,067133;7,20576E+16;WristRight;TRACKED;0,02097799
307;16,5544782;0,1000106;7,20576E+16;WristRight;TRACKED;0,06637083
308;16,6216058;0,1671382;7,20576E+16;WristRight;TRACKED;0,155788
309;16,65446;0,1999924;7,20576E+16;WristRight;TRACKED;0,2852966
310;16,6874652;0,2329976;7,20576E+16;WristRight;TRACKED;0,3647791
324;17,5215532;0,0670665;7,20576E+16;WristRight;TRACKED;0,000401065
325;17,6215521;0,1670654;7,20576E+16;WristRight;TRACKED;0,05293417
326;17,6544722;0,1999855;7,20576E+16;WristRight;TRACKED;0,08156855
327;17,7215602;0,2670735;7,20576E+16;WristRight;TRACKED;0,2662622
328;17,7874611;0,3329744;7,20576E+16;WristRight;TRACKED;0,5104113
88;5,5949193;0,067087;7,20576E+16;WristRight;TRACKED;0,007819525
89;5,6619506;0,1341183;7,20576E+16;WristRight;TRACKED;0,06521032
90;5,7618464;0,2340141;7,20576E+16;WristRight;TRACKED;0,2927659
92;5,8949277;0,3670954;7,20576E+16;WristRight;TRACKED;0,5164799
93;5,961937;0,4341047;7,20576E+16;WristRight;TRACKED;0,5478614
105;6,727873;0,0659468;7,20576E+16;WristRight;TRACKED;0,05355282
106;6,7619065;0,0999803;7,20576E+16;WristRight;TRACKED;0,1014951
107;6,8278567;0,1659305;7,20576E+16;WristRight;TRACKED;0,1927423
108;6,8949159;0,2329897;7,20576E+16;WristRight;TRACKED;0,2925456
109;6,9619883;0,3000621;7,20576E+16;WristRight;TRACKED;0,3718437
120;7,6279245;0,0659698;7,20576E+16;WristRight;TRACKED;0,007983883
121;7,6949563;0,1330016;7,20576E+16;WristRight;TRACKED;0,07205221
122;7,7949439;0,2329892;7,20576E+16;WristRight;TRACKED;0,3393767
123;7,861942;0,2999873;7,20576E+16;WristRight;TRACKED;0,4435466
124;7,9278454;0,3658907;7,20576E+16;WristRight;TRACKED;0,6310441
125;7,9619541;0,3999994;7,20576E+16;WristRight;TRACKED;0,6452307
126;8,0278618;0,4659071;7,20576E+16;WristRight;TRACKED;0,6627608
137;8,6278971;0,0329744;7,20576E+16;WristRight;TRACKED;7,82805E-06
138;8,6949533;0,1000306;7,20576E+16;WristRight;TRACKED;0,005101605
139;8,7278447;0,132922;7,20576E+16;WristRight;TRACKED;0,01875712
140;8,7949512;0,2000285;7,20576E+16;WristRight;TRACKED;0,09869897
141;8,8278597;0,232937;7,20576E+16;WristRight;TRACKED;0,15753
142;8,9619785;0,3670558;7,20576E+16;WristRight;TRACKED;0,4830587
143;8,9949172;0,3999945;7,20576E+16;WristRight;TRACKED;0,568181
144;9,0619559;0,4670332;7,20576E+16;WristRight;TRACKED;0,6466206
156;9,894933;0,1000101;7,20576E+16;WristRight;TRACKED;0,07964019
157;9,9278473;0,1329244;7,20576E+16;WristRight;TRACKED;0,1352261
158;9,9620352;0,1671123;7,20576E+16;WristRight;TRACKED;0,2084277
159;9,99499;0,2000671;7,20576E+16;WristRight;TRACKED;0,285823
160;10,0278711;0,2329482;7,20576E+16;WristRight;TRACKED;0,3175875
161;10,0949664;0,3000435;7,20576E+16;WristRight;TRACKED;0,4351271
162;10,1278661;0,3329432;7,20576E+16;WristRight;TRACKED;0,4684098
163;10,2278532;0,4329303;7,20576E+16;WristRight;TRACKED;0,4555097
164;10,2949334;0,5000105;7,20576E+16;WristRight;TRACKED;0,4235518
175;11,1278563;0,1000096;7,20576E+16;WristRight;TRACKED;0,08416509
176;11,1619504;0,1341037;7,20576E+16;WristRight;TRACKED;0,1220013
177;11,2278347;0,199988;7,20576E+16;WristRight;TRACKED;0,1707589
178;11,26194;0,2340933;7,20576E+16;WristRight;TRACKED;0,1715669
179;11,36202;0,3341733;7,20576E+16;WristRight;TRACKED;0,173031
190;12,0278789;0,0659145;7,20576E+16;WristRight;TRACKED;0,04573184
191;12,094966;0,1330016;7,20576E+16;WristRight;TRACKED;0,1712629
192;12,1278846;0,1659202;7,20576E+16;WristRight;TRACKED;0,2671349
193;12,1619597;0,1999953;7,20576E+16;WristRight;TRACKED;0,3462474
194;12,1949306;0,2329662;7,20576E+16;WristRight;TRACKED;0,3855961
195;12,2278606;0,2658962;7,20576E+16;WristRight;TRACKED;0,4123513
196;12,2949324;0,332968;7,20576E+16;WristRight;TRACKED;0,5221156
197;12,3278672;0,3659028;7,20576E+16;WristRight;TRACKED;0,5258197
198;12,394945;0,4329806;7,20576E+16;WristRight;TRACKED;0,5236391
209;13,0949337;0,0328713;7,20576E+16;WristRight;TRACKED;0,01532515
210;13,1949424;0,13288;7,20576E+16;WristRight;TRACKED;0,1858121
211;13,2619713;0,1999089;7,20576E+16;WristRight;TRACKED;0,3005793
212;13,2949867;0,2329243;7,20576E+16;WristRight;TRACKED;0,4238617
213;13,327856;0,2657936;7,20576E+16;WristRight;TRACKED;0,4570329
214;13,3949411;0,3328787;7,20576E+16;WristRight;TRACKED;0,4960463
215;13,4619705;0,3999081;7,20576E+16;WristRight;TRACKED;0,4922507
226;14,1949927;0,0330472;7,20576E+16;WristRight;TRACKED;0,01617345
227;14,2619493;0,1000038;7,20576E+16;WristRight;TRACKED;0,1013389
228;14,3278741;0,1659286;7,20576E+16;WristRight;TRACKED;0,1774746
229;14,4278695;0,265924;7,20576E+16;WristRight;TRACKED;0,2178262
230;14,4949224;0,3329769;7,20576E+16;WristRight;TRACKED;0,1897871
240;15,1619352;0,0669868;7,20576E+16;WristRight;TRACKED;0,03382495
241;15,2278674;0,132919;7,20576E+16;WristRight;TRACKED;0,1590861
242;15,294951;0,2000026;7,20576E+16;WristRight;TRACKED;0,3546447
243;15,3949377;0,2999893;7,20576E+16;WristRight;TRACKED;0,5432641
244;15,4620071;0,3670587;7,20576E+16;WristRight;TRACKED;0,5518971
245;15,4949341;0,3999857;7,20576E+16;WristRight;TRACKED;0,5517569
246;15,5278836;0,4329352;7,20576E+16;WristRight;TRACKED;0,55645
257;16,1949653;0,0670841;7,20576E+16;WristRight;TRACKED;0,0299579
258;16,2279221;0,1000409;7,20576E+16;WristRight;TRACKED;0,07122619
259;16,2949671;0,1670859;7,20576E+16;WristRight;TRACKED;0,2251607
260;16,3619433;0,2340621;7,20576E+16;WristRight;TRACKED;0,4162788
261;16,394944;0,2670628;7,20576E+16;WristRight;TRACKED;0,474241
262;16,5286506;0,4007694;7,20576E+16;WristRight;TRACKED;0,6126785
263;16,5619488;0,4340676;7,20576E+16;WristRight;TRACKED;0,6157544
274;17,2949442;0,0670807;7,20576E+16;WristRight;TRACKED;0,02631561
275;17,361954;0,1340905;7,20576E+16;WristRight;TRACKED;0,1332441
276;17,4619407;0,2340772;7,20576E+16;WristRight;TRACKED;0,3764757
277;17,5278567;0,2999932;7,20576E+16;WristRight;TRACKED;0,4842404
278;17,5949574;0,3670939;7,20576E+16;WristRight;TRACKED;0,5332719
279;17,6949362;0,4670727;7,20576E+16;WristRight;TRACKED;0,5316349
289;18,3619677;0,0670128;7,20576E+16;WristRight;TRACKED;0,02938123
290;18,4278632;0,1329083;7,20576E+16;WristRight;TRACKED;0,1365288
291;18,5278689;0,232914;7,20576E+16;WristRight;TRACKED;0,3364587
294;18,6949499;0,399995;7,20576E+16;WristRight;TRACKED;0,5265287
295;18,76197;0,4670151;7,20576E+16;WristRight;TRACKED;0,5287352
308;19,4950044;0,100057;7,20576E+16;WristRight;TRACKED;0,07184561
309;19,6278683;0,2329209;7,20576E+16;WristRight;TRACKED;0,3485467
310;19,6949411;0,2999937;7,20576E+16;WristRight;TRACKED;0,4390815
311;19,7619471;0,3669997;7,20576E+16;WristRight;TRACKED;0,4917537
312;19,7949635;0,4000161;7,20576E+16;WristRight;TRACKED;0,4879478
313;19,8278792;0,4329318;7,20576E+16;WristRight;TRACKED;0,4876891
314;19,8949604;0,500013;7,20576E+16;WristRight;TRACKED;0,5121878
324;20,4949405;0,032991;7,20576E+16;WristRight;TRACKED;0,002753302
325;20,5949545;0,133005;7,20576E+16;WristRight;TRACKED;0,08027174
326;20,6619614;0,2000119;7,20576E+16;WristRight;TRACKED;0,2317562
327;20,6949704;0,2330209;7,20576E+16;WristRight;TRACKED;0,3172706
328;20,7949341;0,3329846;7,20576E+16;WristRight;TRACKED;0,5869462
329;20,8278553;0,3659058;7,20576E+16;WristRight;TRACKED;0,6137827
330;20,8949516;0,4330021;7,20576E+16;WristRight;TRACKED;0,5749698
331;20,9278644;0,4659149;7,20576E+16;WristRight;TRACKED;0,6236486
58;2,9870631;0,1000594;7,20576E+16;WristRight;TRACKED;0,003822024
59;3,0200282;0,1330245;7,20576E+16;WristRight;TRACKED;0,01011434
60;3,0540925;0,1670888;7,20576E+16;WristRight;TRACKED;0,02340978
61;3,1200486;0,2330449;7,20576E+16;WristRight;TRACKED;0,08168736
62;3,1541036;0,2670999;7,20576E+16;WristRight;TRACKED;0,1438087
63;3,1869969;0,2999932;7,20576E+16;WristRight;TRACKED;0,2118805
64;3,2541088;0,3671051;7,20576E+16;WristRight;TRACKED;0,40006
65;3,2870085;0,4000048;7,20576E+16;WristRight;TRACKED;0,4963314
66;3,3541033;0,4670996;7,20576E+16;WristRight;TRACKED;0,6241376
67;3,3870474;0,5000437;7,20576E+16;WristRight;TRACKED;0,6929213
68;3,4541056;0,5671019;7,20576E+16;WristRight;TRACKED;0,7447646
69;3,4870116;0,6000079;7,20576E+16;WristRight;TRACKED;0,7056272
84;4,2200123;0,0329426;7,20576E+16;WristRight;TRACKED;0,008386614
85;4,2870119;0,0999422;7,20576E+16;WristRight;TRACKED;0,05458801
86;4,3200219;0,1329522;7,20576E+16;WristRight;TRACKED;0,1067543
87;4,3541072;0,1670375;7,20576E+16;WristRight;TRACKED;0,1739282
88;4,4200359;0,2329662;7,20576E+16;WristRight;TRACKED;0,3469585
89;4,4540978;0,2670281;7,20576E+16;WristRight;TRACKED;0,4055751
90;4,5200084;0,3329387;7,20576E+16;WristRight;TRACKED;0,6041704
91;4,5540761;0,3670064;7,20576E+16;WristRight;TRACKED;0,6252726
92;4,6200093;0,4329396;7,20576E+16;WristRight;TRACKED;0,6205454
93;4,6541053;0,4670356;7,20576E+16;WristRight;TRACKED;0,6227019
107;5,4200223;0,0658902;7,20576E+16;WristRight;TRACKED;0,02817162
108;5,4541794;0,1000473;7,20576E+16;WristRight;TRACKED;0,06803756
109;5,5200202;0,1658881;7,20576E+16;WristRight;TRACKED;0,2057538
110;5,5870417;0,2329096;7,20576E+16;WristRight;TRACKED;0,3965343
111;5,6541517;0,3000196;7,20576E+16;WristRight;TRACKED;0,5279331
112;5,6869908;0,3328587;7,20576E+16;WristRight;TRACKED;0,6464581
113;5,7541022;0,3999701;7,20576E+16;WristRight;TRACKED;0,7428743
114;5,7869994;0,4328673;7,20576E+16;WristRight;TRACKED;0,7395311
115;5,8544607;0,5003286;7,20576E+16;WristRight;TRACKED;0,703985
126;6,5540996;0,0670734;7,20576E+16;WristRight;TRACKED;0,009058387
127;6,587008;0,0999818;7,20576E+16;WristRight;TRACKED;0,0286919
128;6,6200444;0,1330182;7,20576E+16;WristRight;TRACKED;0,07802465
129;6,6540955;0,1670693;7,20576E+16;WristRight;TRACKED;0,118113
130;6,7205866;0,2335604;7,20576E+16;WristRight;TRACKED;0,2841859
131;6,7870395;0,3000133;7,20576E+16;WristRight;TRACKED;0,4989315
132;6,8541534;0,3671272;7,20576E+16;WristRight;TRACKED;0,6393976
133;6,9200117;0,4329855;7,20576E+16;WristRight;TRACKED;0,8061281
134;6,9870148;0,4999886;7,20576E+16;WristRight;TRACKED;0,8332617
135;7,0200175;0,5329913;7,20576E+16;WristRight;TRACKED;0,8335871
147;7,7541227;0,034053;7,20576E+16;WristRight;TRACKED;0,005016011
148;7,7871176;0,0670479;7,20576E+16;WristRight;TRACKED;0,03324978
149;7,8541143;0,1340446;7,20576E+16;WristRight;TRACKED;0,1249039
150;7,9200039;0,1999342;7,20576E+16;WristRight;TRACKED;0,3126885
151;7,9541039;0,2340342;7,20576E+16;WristRight;TRACKED;0,4341149
152;8,0200243;0,2999546;7,20576E+16;WristRight;TRACKED;0,5582772
153;8,0540832;0,3340135;7,20576E+16;WristRight;TRACKED;0,6781411
154;8,0870117;0,366942;7,20576E+16;WristRight;TRACKED;0,6926222
170;8,9200269;0,0658975;7,20576E+16;WristRight;TRACKED;0,03952494
171;8,9870069;0,1328775;7,20576E+16;WristRight;TRACKED;0,1764597
172;9,0200121;0,1658827;7,20576E+16;WristRight;TRACKED;0,2986259
173;9,054093;0,1999636;7,20576E+16;WristRight;TRACKED;0,4178982
174;9,0870332;0,2329038;7,20576E+16;WristRight;TRACKED;0,4939285
175;9,1540987;0,2999693;7,20576E+16;WristRight;TRACKED;0,6937535
176;9,1870277;0,3328983;7,20576E+16;WristRight;TRACKED;0,7104386
177;9,2541147;0,3999853;7,20576E+16;WristRight;TRACKED;0,7333592
178;9,2870549;0,4329255;7,20576E+16;WristRight;TRACKED;0,716239
193;10,0541125;0,0670924;7,20576E+16;WristRight;TRACKED;0,05450398
194;10,087018;0,0999979;7,20576E+16;WristRight;TRACKED;0,1216366
195;10,12003;0,1330099;7,20576E+16;WristRight;TRACKED;0,2122057
196;10,1870096;0,1999895;7,20576E+16;WristRight;TRACKED;0,4116325
197;10,2200265;0,2330064;7,20576E+16;WristRight;TRACKED;0,5129792
198;10,2870207;0,3000006;7,20576E+16;WristRight;TRACKED;0,60603
199;10,3541395;0,3671194;7,20576E+16;WristRight;TRACKED;0,6061302
200;10,3870156;0,3999955;7,20576E+16;WristRight;TRACKED;0,5091135
215;11,1200212;0,0329983;7,20576E+16;WristRight;TRACKED;0,01325729
216;11,1870193;0,0999964;7,20576E+16;WristRight;TRACKED;0,1439852
217;11,2541469;0,167124;7,20576E+16;WristRight;TRACKED;0,3677085
218;11,3200478;0,2330249;7,20576E+16;WristRight;TRACKED;0,6164021
219;11,3541013;0,2670784;7,20576E+16;WristRight;TRACKED;0,6840008
220;11,3870303;0,3000074;7,20576E+16;WristRight;TRACKED;0,7848207
221;11,4541144;0,3670915;7,20576E+16;WristRight;TRACKED;0,8224738
222;11,4870341;0,4000112;7,20576E+16;WristRight;TRACKED;0,829631
223;11,5200299;0,433007;7,20576E+16;WristRight;TRACKED;0,833986
238;12,3541341;0,0670934;7,20576E+16;WristRight;TRACKED;0,06605224
239;12,3870098;0,0999691;7,20576E+16;WristRight;TRACKED;0,1379458
240;12,454131;0,1670903;7,20576E+16;WristRight;TRACKED;0,32737
241;12,487016;0,1999753;7,20576E+16;WristRight;TRACKED;0,4117146
242;12,5541167;0,267076;7,20576E+16;WristRight;TRACKED;0,6249633
243;12,5870534;0,3000127;7,20576E+16;WristRight;TRACKED;0,6344848
244;12,6541131;0,3670724;7,20576E+16;WristRight;TRACKED;0,5854098
260;13,4200149;0,0658916;7,20576E+16;WristRight;TRACKED;0,03400381
261;13,487016;0,1328927;7,20576E+16;WristRight;TRACKED;0,1907591
262;13,5200754;0,1659521;7,20576E+16;WristRight;TRACKED;0,283698
263;13,5870222;0,2328989;7,20576E+16;WristRight;TRACKED;0,532122
264;13,6200268;0,2659035;7,20576E+16;WristRight;TRACKED;0,6427178
265;13,6870426;0,3329193;7,20576E+16;WristRight;TRACKED;0,7907514
266;13,7200511;0,3659278;7,20576E+16;WristRight;TRACKED;0,8510558
280;14,4540963;0,0670626;7,20576E+16;WristRight;TRACKED;0,004033428
281;14,5200241;0,1329904;7,20576E+16;WristRight;TRACKED;0,03526447
282;14,5541167;0,167083;7,20576E+16;WristRight;TRACKED;0,09502903
283;14,5870515;0,2000178;7,20576E+16;WristRight;TRACKED;0,1682398
284;14,6541209;0,2670872;7,20576E+16;WristRight;TRACKED;0,3650569
285;14,7200428;0,3330091;7,20576E+16;WristRight;TRACKED;0,6429276
286;14,7541032;0,3670695;7,20576E+16;WristRight;TRACKED;0,8241261
287;14,787015;0,3999813;7,20576E+16;WristRight;TRACKED;0,8875259
288;14,8541177;0,467084;7,20576E+16;WristRight;TRACKED;1,099015
289;14,8870266;0,4999929;7,20576E+16;WristRight;TRACKED;1,13588
302;15,6541146;0,0670988;7,20576E+16;WristRight;TRACKED;0,02988646
303;15,6870557;0,1000399;7,20576E+16;WristRight;TRACKED;0,07628714
304;15,7541213;0,1671055;7,20576E+16;WristRight;TRACKED;0,236652
305;15,8200158;0,233;7,20576E+16;WristRight;TRACKED;0,4656368
306;15,8870374;0,3000216;7,20576E+16;WristRight;TRACKED;0,6994897
307;15,9541171;0,3671013;7,20576E+16;WristRight;TRACKED;0,8814338
308;15,9870221;0,4000063;7,20576E+16;WristRight;TRACKED;0,9134122
310;16,0870688;0,500053;7,20576E+16;WristRight;TRACKED;0,8698466
323;16,7870663;0,0329675;7,20576E+16;WristRight;TRACKED;0,004158016
324;16,8200295;0,0659307;7,20576E+16;WristRight;TRACKED;0,03670284
325;16,8870315;0,1329327;7,20576E+16;WristRight;TRACKED;0,1292292
326;16,920024;0,1659252;7,20576E+16;WristRight;TRACKED;0,2300842
327;17,0200453;0,2659465;7,20576E+16;WristRight;TRACKED;0,5952302
328;17,0870258;0,332927;7,20576E+16;WristRight;TRACKED;0,835681
329;17,1200173;0,3659185;7,20576E+16;WristRight;TRACKED;0,8636942
330;17,1541007;0,4000019;7,20576E+16;WristRight;TRACKED;1,041499
346;17,987048;0,0329485;7,20576E+16;WristRight;TRACKED;0,01264687
347;18,0541199;0,1000204;7,20576E+16;WristRight;TRACKED;0,09042144
348;18,0870361;0,1329366;7,20576E+16;WristRight;TRACKED;0,1780857
349;18,1200369;0,1659374;7,20576E+16;WristRight;TRACKED;0,2833818
350;18,1870198;0,2329203;7,20576E+16;WristRight;TRACKED;0,5097665
351;18,2200328;0,2659333;7,20576E+16;WristRight;TRACKED;0,6169783
352;18,3872179;0,4331184;7,20576E+16;WristRight;TRACKED;0,8406237
353;18,4200262;0,4659267;7,20576E+16;WristRight;TRACKED;0,7326734
357;18,6200278;0,0329846;7,20576E+16;WristRight;TRACKED;0,005454604
358;18,6541117;0,0670685;7,20576E+16;WristRight;TRACKED;0,02231864
359;18,7200482;0,133005;7,20576E+16;WristRight;TRACKED;0,1001752
360;18,7541188;0,1670756;7,20576E+16;WristRight;TRACKED;0,1575143
361;18,7870214;0,1999782;7,20576E+16;WristRight;TRACKED;0,2158103
362;18,8200153;0,2329721;7,20576E+16;WristRight;TRACKED;0,2854927
363;18,8870203;0,2999771;7,20576E+16;WristRight;TRACKED;0,4054346
364;18,9870446;0,4000014;7,20576E+16;WristRight;TRACKED;0,5032917
365;19,020038;0,4329948;7,20576E+16;WristRight;TRACKED;0,4964044
366;19,0541409;0,4670977;7,20576E+16;WristRight;TRACKED;0,452524
44;2,8882744;0,0669874;7,20576E+16;WristRight;TRACKED;0,006427405
45;2,9882874;0,1670004;7,20576E+16;WristRight;TRACKED;0,1334614
46;3,0212735;0,1999865;7,20576E+16;WristRight;TRACKED;0,2489204
47;3,1212866;0,2999996;7,20576E+16;WristRight;TRACKED;0,6986097
48;3,1542517;0,3329647;7,20576E+16;WristRight;TRACKED;0,7801443
49;3,1882783;0,3669913;7,20576E+16;WristRight;TRACKED;0,9004717
50;3,2542144;0,4329274;7,20576E+16;WristRight;TRACKED;0,9696483
51;3,3213239;0,5000369;7,20576E+16;WristRight;TRACKED;0,9888504
52;3,3542123;0,5329253;7,20576E+16;WristRight;TRACKED;1,02043
59;3,8882929;0,1340749;7,20576E+16;WristRight;TRACKED;0,03382316
60;3,9542031;0,1999851;7,20576E+16;WristRight;TRACKED;0,1868917
61;4,0213097;0,2670917;7,20576E+16;WristRight;TRACKED;0,5164586
62;4,0882975;0,3340795;7,20576E+16;WristRight;TRACKED;0,8500691
63;4,1542175;0,3999995;7,20576E+16;WristRight;TRACKED;0,9969573
64;4,2212967;0,4670787;7,20576E+16;WristRight;TRACKED;1,037837
65;4,2882953;0,5340773;7,20576E+16;WristRight;TRACKED;1,123959
75;4,8882988;0,0669913;7,20576E+16;WristRight;TRACKED;0,07697643
76;4,95423;0,1329225;7,20576E+16;WristRight;TRACKED;0,2771708
77;4,9882884;0,1669809;7,20576E+16;WristRight;TRACKED;0,4240139
78;5,1542907;0,3329832;7,20576E+16;WristRight;TRACKED;0,7666851
88;5,8542238;0,0658403;7,20576E+16;WristRight;TRACKED;0,08600447
89;5,9213391;0,1329556;7,20576E+16;WristRight;TRACKED;0,3252697
90;5,9542002;0,1658167;7,20576E+16;WristRight;TRACKED;0,442183
91;6,021295;0,2329115;7,20576E+16;WristRight;TRACKED;0,5494365
92;6,0542142;0,2658307;7,20576E+16;WristRight;TRACKED;0,6182258
93;6,0883122;0,2999287;7,20576E+16;WristRight;TRACKED;0,6242524
94;6,1542307;0,3658472;7,20576E+16;WristRight;TRACKED;0,6712778
106;6,8542824;0,0659776;7,20576E+16;WristRight;TRACKED;0,08999687
107;6,9212957;0,1329909;7,20576E+16;WristRight;TRACKED;0,225031
108;6,9882923;0,1999875;7,20576E+16;WristRight;TRACKED;0,2819066
109;7,0541956;0,2658908;7,20576E+16;WristRight;TRACKED;0,2788221
110;7,0883176;0,3000128;7,20576E+16;WristRight;TRACKED;0,2893749
122;7,7883029;0,0999647;7,20576E+16;WristRight;TRACKED;0,1685809
123;7,821289;0,1329508;7,20576E+16;WristRight;TRACKED;0,2441913
124;7,8883091;0,1999709;7,20576E+16;WristRight;TRACKED;0,337705
125;7,9542148;0,2658766;7,20576E+16;WristRight;TRACKED;0,3916361
126;7,9883006;0,2999624;7,20576E+16;WristRight;TRACKED;0,3837463
127;8,0220029;0,3336647;7,20576E+16;WristRight;TRACKED;0,3722426
136;8,5883031;0,0340872;7,20576E+16;WristRight;TRACKED;0,01624473
137;8,6542309;0,100015;7,20576E+16;WristRight;TRACKED;0,1670108
138;8,7882999;0,234084;7,20576E+16;WristRight;TRACKED;0,641434
139;8,8212943;0,2670784;7,20576E+16;WristRight;TRACKED;0,6430917
140;8,8542316;0,3000157;7,20576E+16;WristRight;TRACKED;0,6341661
149;9,4213159;0,0668212;7,20576E+16;WristRight;TRACKED;0,002170981
150;9,4542146;0,0997199;7,20576E+16;WristRight;TRACKED;0,01644371
151;9,5542227;0,199728;7,20576E+16;WristRight;TRACKED;0,2340316
152;9,5883159;0,2338212;7,20576E+16;WristRight;TRACKED;0,3751362
153;9,6882981;0,3338034;7,20576E+16;WristRight;TRACKED;0,8641061
154;9,7214718;0,3669771;7,20576E+16;WristRight;TRACKED;0,9446778
164;10,3883083;0,0999954;7,20576E+16;WristRight;TRACKED;0,01373928
165;10,4542327;0,1659198;7,20576E+16;WristRight;TRACKED;0,1280225
166;10,4883023;0,1999894;7,20576E+16;WristRight;TRACKED;0,2502416
167;10,5213251;0,2330122;7,20576E+16;WristRight;TRACKED;0,4062103
168;10,5883095;0,2999966;7,20576E+16;WristRight;TRACKED;0,7904124
169;10,6213239;0,333011;7,20576E+16;WristRight;TRACKED;0,9498257
170;10,6882991;0,3999862;7,20576E+16;WristRight;TRACKED;1,117277
171;10,75422;0,4659071;7,20576E+16;WristRight;TRACKED;1,135054
179;11,2883187;0,0999803;7,20576E+16;WristRight;TRACKED;0,02674677
180;11,3542685;0,1659301;7,20576E+16;WristRight;TRACKED;0,02233559
181;11,4212905;0,2329521;7,20576E+16;WristRight;TRACKED;0,1659142
182;11,5214252;0,3330868;7,20576E+16;WristRight;TRACKED;0,7064154
183;11,588311;0,3999726;7,20576E+16;WristRight;TRACKED;0,9262859
184;11,688302;0,4999636;7,20576E+16;WristRight;TRACKED;1,05548
193;12,221284;0,0670656;7,20576E+16;WristRight;TRACKED;0,009509115
194;12,2542178;0,0999994;7,20576E+16;WristRight;TRACKED;0,02545249
195;12,3542333;0,2000149;7,20576E+16;WristRight;TRACKED;0,2813793
196;12,3883132;0,2340948;7,20576E+16;WristRight;TRACKED;0,4527682
197;12,4213047;0,2670863;7,20576E+16;WristRight;TRACKED;0,639492
198;12,4883223;0,3341039;7,20576E+16;WristRight;TRACKED;0,9049338
210;13,2883036;0,1340959;7,20576E+16;WristRight;TRACKED;0,06628373
211;13,3543071;0,2000994;7,20576E+16;WristRight;TRACKED;0,2413384
212;13,5213001;0,3670924;7,20576E+16;WristRight;TRACKED;0,5045199
213;13,5883124;0,4341047;7,20576E+16;WristRight;TRACKED;0,4748547
221;14,1214043;0,1000829;7,20576E+16;WristRight;TRACKED;0,02874275
222;14,2542325;0,2329111;7,20576E+16;WristRight;TRACKED;0,5133589
223;14,354224;0,3329026;7,20576E+16;WristRight;TRACKED;0,9459192
224;14,4212974;0,399976;7,20576E+16;WristRight;TRACKED;0,9436017
232;14,9542324;0,0659224;7,20576E+16;WristRight;TRACKED;8,33268E-05
233;14,9883172;0,1000072;7,20576E+16;WristRight;TRACKED;0,01223863
234;15,0213575;0,1330475;7,20576E+16;WristRight;TRACKED;0,03497995
235;15,0883078;0,1999978;7,20576E+16;WristRight;TRACKED;0,1988592
236;15,1213256;0,2330156;7,20576E+16;WristRight;TRACKED;0,3467357
237;15,1542776;0,2659676;7,20576E+16;WristRight;TRACKED;0,4893914
238;15,2213323;0,3330223;7,20576E+16;WristRight;TRACKED;0,8271721
239;15,2883095;0,3999995;7,20576E+16;WristRight;TRACKED;1,02272
241;15,3542216;0,4659116;7,20576E+16;WristRight;TRACKED;1,128625
52;2,588629;0,0669253;7,20576E+16;WristRight;TRACKED;0,03715666
53;2,6562744;0,1345707;7,20576E+16;WristRight;TRACKED;0,1668384
54;2,6886186;0,1669149;7,20576E+16;WristRight;TRACKED;0,2580948
55;2,7216858;0,1999821;7,20576E+16;WristRight;TRACKED;0,3850196
56;2,7886492;0,2669455;7,20576E+16;WristRight;TRACKED;0,6363928
57;2,8217101;0,3000064;7,20576E+16;WristRight;TRACKED;0,7040492
58;2,8886418;0,3669381;7,20576E+16;WristRight;TRACKED;0,8276768
59;2,955697;0,4339933;7,20576E+16;WristRight;TRACKED;0,7809922
60;2,9886275;0,4669238;7,20576E+16;WristRight;TRACKED;0,7835406
73;3,6217416;0,0331316;7,20576E+16;WristRight;TRACKED;0,00884046
74;3,688625;0,100015;7,20576E+16;WristRight;TRACKED;0,07624639
75;3,7556944;0,1670844;7,20576E+16;WristRight;TRACKED;0,2235073
76;3,8217047;0,2330947;7,20576E+16;WristRight;TRACKED;0,4897942
77;3,8886286;0,3000186;7,20576E+16;WristRight;TRACKED;0,6933275
78;3,9556946;0,3670846;7,20576E+16;WristRight;TRACKED;0,8213902
79;4,0216815;0,4330715;7,20576E+16;WristRight;TRACKED;0,8381295
80;4,0556935;0,4670835;7,20576E+16;WristRight;TRACKED;0,8288698
92;4,6557092;0,0340154;7,20576E+16;WristRight;TRACKED;0,005537985
93;4,7216907;0,0999969;7,20576E+16;WristRight;TRACKED;0,0455008
94;4,755732;0,1340382;7,20576E+16;WristRight;TRACKED;0,104197
95;4,821669;0,1999752;7,20576E+16;WristRight;TRACKED;0,3141109
96;4,8556962;0,2340024;7,20576E+16;WristRight;TRACKED;0,4745378
97;4,9216904;0,2999966;7,20576E+16;WristRight;TRACKED;0,6935133
98;4,9557053;0,3340115;7,20576E+16;WristRight;TRACKED;0,7975855
99;5,021703;0,4000092;7,20576E+16;WristRight;TRACKED;0,9608226
100;5,0560105;0,4343167;7,20576E+16;WristRight;TRACKED;0,964156
101;5,1216935;0,4999997;7,20576E+16;WristRight;TRACKED;1,005398
102;5,1557085;0,5340147;7,20576E+16;WristRight;TRACKED;0,8872229
114;5,8557661;0,1000566;7,20576E+16;WristRight;TRACKED;0,07899966
115;5,8886256;0,1329161;7,20576E+16;WristRight;TRACKED;0,1538844
116;5,9557195;0,20001;7,20576E+16;WristRight;TRACKED;0,3934345
117;5,9886235;0,232914;7,20576E+16;WristRight;TRACKED;0,5143685
118;6,0557047;0,2999952;7,20576E+16;WristRight;TRACKED;0,7195539
119;6,1216828;0,3659733;7,20576E+16;WristRight;TRACKED;0,8867732
120;6,1886345;0,432925;7,20576E+16;WristRight;TRACKED;0,9338604
136;6,9886963;0,0329861;7,20576E+16;WristRight;TRACKED;0,004243446
137;7,0557072;0,099997;7,20576E+16;WristRight;TRACKED;0,05106759
138;7,1217121;0,1660019;7,20576E+16;WristRight;TRACKED;0,170657
139;7,1556943;0,1999841;7,20576E+16;WristRight;TRACKED;0,2540326
140;7,221689;0,2659788;7,20576E+16;WristRight;TRACKED;0,4398489
141;7,288628;0,3329178;7,20576E+16;WristRight;TRACKED;0,6419604
142;7,3557155;0,4000053;7,20576E+16;WristRight;TRACKED;0,7565776
143;7,3886459;0,4329357;7,20576E+16;WristRight;TRACKED;0,7940145
144;7,4217107;0,4660005;7,20576E+16;WristRight;TRACKED;0,8574872
145;7,4886585;0,5329483;7,20576E+16;WristRight;TRACKED;0,8426484
159;8,1557187;0,0670763;7,20576E+16;WristRight;TRACKED;0,002582459
160;8,1886374;0,099995;7,20576E+16;WristRight;TRACKED;0,003016596
161;8,255721;0,1670786;7,20576E+16;WristRight;TRACKED;0,01853194
162;8,3217289;0,2330865;7,20576E+16;WristRight;TRACKED;0,08455368
163;8,3886313;0,2999889;7,20576E+16;WristRight;TRACKED;0,2178559
164;8,421696;0,3330536;7,20576E+16;WristRight;TRACKED;0,3212461
165;8,4557676;0,3671252;7,20576E+16;WristRight;TRACKED;0,4260207
166;8,5557084;0,467066;7,20576E+16;WristRight;TRACKED;0,8110692
167;8,5886476;0,5000052;7,20576E+16;WristRight;TRACKED;0,8544024
168;8,6216996;0,5330572;7,20576E+16;WristRight;TRACKED;0,9146176
182;9,3886386;0,066938;7,20576E+16;WristRight;TRACKED;0,000242864
183;9,4217097;0,1000091;7,20576E+16;WristRight;TRACKED;0,000566126
184;9,5216929;0,1999923;7,20576E+16;WristRight;TRACKED;0,0188721
185;9,5557729;0,2340723;7,20576E+16;WristRight;TRACKED;0,04333745
186;9,6216962;0,2999956;7,20576E+16;WristRight;TRACKED;0,1428811
187;9,6557395;0,3340389;7,20576E+16;WristRight;TRACKED;0,2269577
188;9,6886499;0,3669493;7,20576E+16;WristRight;TRACKED;0,3341607
189;9,7557052;0,4340046;7,20576E+16;WristRight;TRACKED;0,5365584
190;9,7886341;0,4669335;7,20576E+16;WristRight;TRACKED;0,6474638
191;9,8217228;0,5000222;7,20576E+16;WristRight;TRACKED;0,7121405
192;9,8886408;0,5669402;7,20576E+16;WristRight;TRACKED;0,8368998
193;9,9216943;0,5999937;7,20576E+16;WristRight;TRACKED;0,9348046
209;10,7216995;0,0330648;7,20576E+16;WristRight;TRACKED;0,000653111
210;10,7886414;0,1000067;7,20576E+16;WristRight;TRACKED;0,01751383
211;10,8217067;0,133072;7,20576E+16;WristRight;TRACKED;0,03992127
212;10,9216987;0,233064;7,20576E+16;WristRight;TRACKED;0,2099054
213;10,9886318;0,2999971;7,20576E+16;WristRight;TRACKED;0,4390752
214;11,0217034;0,3330687;7,20576E+16;WristRight;TRACKED;0,5590907
215;11,0557541;0,3671194;7,20576E+16;WristRight;TRACKED;0,6776215
216;11,1218127;0,433178;7,20576E+16;WristRight;TRACKED;0,8301861
217;11,1557153;0,4670806;7,20576E+16;WristRight;TRACKED;0,8780195
218;11,1887058;0,5000711;7,20576E+16;WristRight;TRACKED;0,9245106
232;11,9886548;0,066961;7,20576E+16;WristRight;TRACKED;0,02059732
233;12,0216981;0,1000043;7,20576E+16;WristRight;TRACKED;0,05358244
234;12,0886092;0,1669154;7,20576E+16;WristRight;TRACKED;0,1667553
235;12,1557529;0,2340591;7,20576E+16;WristRight;TRACKED;0,3196026
236;12,2217095;0,3000157;7,20576E+16;WristRight;TRACKED;0,4705306
238;12,3217133;0,4000195;7,20576E+16;WristRight;TRACKED;0,5999629
239;12,3886322;0,4669384;7,20576E+16;WristRight;TRACKED;0,6034918
240;12,421759;0,5000652;7,20576E+16;WristRight;TRACKED;0,5901637
255;13,1886511;0,0329392;7,20576E+16;WristRight;TRACKED;0,005643068
256;13,2217198;0,0660079;7,20576E+16;WristRight;TRACKED;0,02423492
257;13,2886387;0,1329268;7,20576E+16;WristRight;TRACKED;0,1108164
258;13,4557256;0,3000137;7,20576E+16;WristRight;TRACKED;0,4834251
259;13,4886692;0,3329573;7,20576E+16;WristRight;TRACKED;0,5294438
260;13,5557118;0,3999999;7,20576E+16;WristRight;TRACKED;0,6584902
261;13,5886959;0,432984;7,20576E+16;WristRight;TRACKED;0,6744388
262;13,6557307;0,5000188;7,20576E+16;WristRight;TRACKED;0,6761647
277;14,4886585;0,0668794;7,20576E+16;WristRight;TRACKED;0,02753365
278;14,521691;0,0999119;7,20576E+16;WristRight;TRACKED;0,06302131
279;14,5557528;0,1339737;7,20576E+16;WristRight;TRACKED;0,1224892
280;14,6217167;0,1999376;7,20576E+16;WristRight;TRACKED;0,2387999
281;14,6886279;0,2668488;7,20576E+16;WristRight;TRACKED;0,4255087
282;14,7216966;0,2999175;7,20576E+16;WristRight;TRACKED;0,4551425
283;14,755712;0,3339329;7,20576E+16;WristRight;TRACKED;0,5296411
284;14,8557499;0,4339708;7,20576E+16;WristRight;TRACKED;0,5943991
285;14,9216992;0,4999201;7,20576E+16;WristRight;TRACKED;0,5936037
286;14,9557234;0,5339443;7,20576E+16;WristRight;TRACKED;0,5672068
298;15,6217705;0,0330746;7,20576E+16;WristRight;TRACKED;0,00291996
299;15,688668;0,0999721;7,20576E+16;WristRight;TRACKED;0,04800178
300;15,7557222;0,1670263;7,20576E+16;WristRight;TRACKED;0,1579836
301;15,8217042;0,2330083;7,20576E+16;WristRight;TRACKED;0,3150304
302;15,8886281;0,2999322;7,20576E+16;WristRight;TRACKED;0,4729978
303;15,9217192;0,3330233;7,20576E+16;WristRight;TRACKED;0,5441499
304;15,9557503;0,3670544;7,20576E+16;WristRight;TRACKED;0,5998838
305;16,0217362;0,4330403;7,20576E+16;WristRight;TRACKED;0,6628408
306;16,0557243;0,4670284;7,20576E+16;WristRight;TRACKED;0,6685948
307;16,1217243;0,5330284;7,20576E+16;WristRight;TRACKED;0,6466576
321;16,8557172;0,0340223;7,20576E+16;WristRight;TRACKED;0,004711308
322;16,8886564;0,0669615;7,20576E+16;WristRight;TRACKED;0,01901466
323;16,9557229;0,134028;7,20576E+16;WristRight;TRACKED;0,1013797
324;16,9886602;0,1669653;7,20576E+16;WristRight;TRACKED;0,1624221
325;17,0557501;0,2340552;7,20576E+16;WristRight;TRACKED;0,3166415
326;17,0886532;0,2669583;7,20576E+16;WristRight;TRACKED;0,4026525
327;17,1216994;0,3000045;7,20576E+16;WristRight;TRACKED;0,5130039
328;17,2217134;0,4000185;7,20576E+16;WristRight;TRACKED;0,7078425
329;17,288648;0,4669531;7,20576E+16;WristRight;TRACKED;0,7224541
330;17,3217362;0,5000413;7,20576E+16;WristRight;TRACKED;0,7087656
343;18,0557213;0,0670582;7,20576E+16;WristRight;TRACKED;0,01346422
344;18,1557285;0,1670654;7,20576E+16;WristRight;TRACKED;0,1265194
345;18,1886511;0,199988;7,20576E+16;WristRight;TRACKED;0,1635281
346;18,2217002;0,2330371;7,20576E+16;WristRight;TRACKED;0,2780655
347;18,2558075;0,2671444;7,20576E+16;WristRight;TRACKED;0,3673603
348;18,3216976;0,3330345;7,20576E+16;WristRight;TRACKED;0,5250655
349;18,3557824;0,3671193;7,20576E+16;WristRight;TRACKED;0,5861669
350;18,4217302;0,4330671;7,20576E+16;WristRight;TRACKED;0,6578852
351;18,4557163;0,4670532;7,20576E+16;WristRight;TRACKED;0,7161305
352;18,4886678;0,5000047;7,20576E+16;WristRight;TRACKED;0,6994318
353;18,5217384;0,5330753;7,20576E+16;WristRight;TRACKED;0,700082
365;19,1557368;0,03397;7,20576E+16;WristRight;TRACKED;0,000244137
366;19,2557113;0,1339445;7,20576E+16;WristRight;TRACKED;0,02795038
367;19,2886529;0,1668861;7,20576E+16;WristRight;TRACKED;0,05846271
368;19,321723;0,1999562;7,20576E+16;WristRight;TRACKED;0,1151893
369;19,3886528;0,266886;7,20576E+16;WristRight;TRACKED;0,1671369
370;19,4217112;0,2999444;7,20576E+16;WristRight;TRACKED;0,3426216
371;19,5217325;0,3999657;7,20576E+16;WristRight;TRACKED;0,6240378
372;19,5557489;0,4339821;7,20576E+16;WristRight;TRACKED;0,6904029
373;19,5886657;0,4668989;7,20576E+16;WristRight;TRACKED;0,7511287
374;19,6557214;0,5339546;7,20576E+16;WristRight;TRACKED;0,860113
13;1,2997816;0,1340202;7,20576E+16;WristRight;TRACKED;0,07575116
14;1,4997872;0,3340258;7,20576E+16;WristRight;TRACKED;0,4335106
15;1,5327821;0,3670207;7,20576E+16;WristRight;TRACKED;0,6105381
16;1,6326906;0,4669292;7,20576E+16;WristRight;TRACKED;0,8034872
29;2,4997921;0,034016;7,20576E+16;WristRight;TRACKED;0,000118869
30;2,5657667;0,0999906;7,20576E+16;WristRight;TRACKED;0,010465
31;2,5997665;0,1339904;7,20576E+16;WristRight;TRACKED;0,02586465
32;2,6657719;0,1999958;7,20576E+16;WristRight;TRACKED;0,03045099
33;2,7327852;0,2670091;7,20576E+16;WristRight;TRACKED;0,2415304
34;2,7657913;0,3000152;7,20576E+16;WristRight;TRACKED;0,3279388
35;2,8327152;0,3669391;7,20576E+16;WristRight;TRACKED;0,5878689
36;2,8997988;0,4340227;7,20576E+16;WristRight;TRACKED;0,7661524
37;2,9327839;0,4670078;7,20576E+16;WristRight;TRACKED;0,8849458
38;2,9997742;0,5339981;7,20576E+16;WristRight;TRACKED;0,9987156
39;3,0328942;0,5671181;7,20576E+16;WristRight;TRACKED;1,127589
51;3,8997749;0,0669918;7,20576E+16;WristRight;TRACKED;0,004896588
52;3,9327937;0,1000106;7,20576E+16;WristRight;TRACKED;0,01235326
53;3,9997825;0,1669994;7,20576E+16;WristRight;TRACKED;0,05930793
54;4,0326929;0,1999098;7,20576E+16;WristRight;TRACKED;0,09197549
55;4,0998459;0,2670628;7,20576E+16;WristRight;TRACKED;0,2377178
56;4,1327963;0,3000132;7,20576E+16;WristRight;TRACKED;0,3296489
57;4,1997876;0,3670045;7,20576E+16;WristRight;TRACKED;0,4445993
58;4,2657466;0,4329635;7,20576E+16;WristRight;TRACKED;0,7390457
59;4,2997137;0,4669306;7,20576E+16;WristRight;TRACKED;0,7804763
60;4,3998445;0,5670614;7,20576E+16;WristRight;TRACKED;1,024568
73;5,2327864;0,0670152;7,20576E+16;WristRight;TRACKED;0,002556732
74;5,2997933;0,1340221;7,20576E+16;WristRight;TRACKED;0,02396909
75;5,3657738;0,2000026;7,20576E+16;WristRight;TRACKED;0,09707486
76;5,4327729;0,2670017;7,20576E+16;WristRight;TRACKED;0,2145808
77;5,4997759;0,3340047;7,20576E+16;WristRight;TRACKED;0,3741809
78;5,5657555;0,3999843;7,20576E+16;WristRight;TRACKED;0,4961202
79;5,5997738;0,4340026;7,20576E+16;WristRight;TRACKED;0,6050568
80;5,6998054;0,5340342;7,20576E+16;WristRight;TRACKED;0,7964003
81;5,7327837;0,5670125;7,20576E+16;WristRight;TRACKED;0,930132
82;5,799795;0,6340238;7,20576E+16;WristRight;TRACKED;0,9959935
83;5,8327157;0,6669445;7,20576E+16;WristRight;TRACKED;1,039777
84;5,8997846;0,7340134;7,20576E+16;WristRight;TRACKED;0,9929084
88;6,1327744;0,9670032;7,20576E+16;WristRight;TRACKED;0,3313864
99;6,9327937;0,0669996;7,20576E+16;WristRight;TRACKED;0,02216659
100;6,9998167;0,1340226;7,20576E+16;WristRight;TRACKED;0,0949937
101;7,0997878;0,2339937;7,20576E+16;WristRight;TRACKED;0,2480792
102;7,1327978;0,2670037;7,20576E+16;WristRight;TRACKED;0,2676456
114;7,9657871;0,0660015;7,20576E+16;WristRight;TRACKED;1,74602E-05
115;8,1657639;0,2659783;7,20576E+16;WristRight;TRACKED;0,05311547
116;8,2328133;0,3330277;7,20576E+16;WristRight;TRACKED;0,1385107
117;8,2998046;0,400019;7,20576E+16;WristRight;TRACKED;0,2915292
118;8,3328649;0,4330793;7,20576E+16;WristRight;TRACKED;0,3682863
119;8,3997956;0,50001;7,20576E+16;WristRight;TRACKED;0,5152876
120;8,4657556;0,56597;7,20576E+16;WristRight;TRACKED;0,7029355
121;8,4997051;0,5999195;7,20576E+16;WristRight;TRACKED;0,8316411
122;8,532784;0,6329984;7,20576E+16;WristRight;TRACKED;0,924125
137;9,6328034;0,2000065;7,20576E+16;WristRight;TRACKED;0,01203042
138;9,6999036;0,2671067;7,20576E+16;WristRight;TRACKED;0,0145812
139;9,8330073;0,4002104;7,20576E+16;WristRight;TRACKED;0,2559486
140;9,8997881;0,4669912;7,20576E+16;WristRight;TRACKED;0,4175195
141;9,9657593;0,5329624;7,20576E+16;WristRight;TRACKED;0,5495191
142;9,9997874;0,5669905;7,20576E+16;WristRight;TRACKED;0,6337155
143;10,0328854;0,6000885;7,20576E+16;WristRight;TRACKED;0,7348239
145;10,1997822;0,7669853;7,20576E+16;WristRight;TRACKED;1,149564
161;11,1328222;0,0670543;7,20576E+16;WristRight;TRACKED;0,001053316
162;11,2657838;0,2000159;7,20576E+16;WristRight;TRACKED;0,01710637
163;11,3328136;0,2670457;7,20576E+16;WristRight;TRACKED;0,0188155
164;11,3998367;0,3340688;7,20576E+16;WristRight;TRACKED;0,01651666
165;11,465865;0,4000971;7,20576E+16;WristRight;TRACKED;0,000848193
166;11,4998048;0,4340369;7,20576E+16;WristRight;TRACKED;0,001382013
167;11,5657687;0,5000008;7,20576E+16;WristRight;TRACKED;0,005234499
168;11,6658794;0,6001115;7,20576E+16;WristRight;TRACKED;0,2146502
169;11,7328043;0,6670364;7,20576E+16;WristRight;TRACKED;0,3968352
170;11,8328129;0,767045;7,20576E+16;WristRight;TRACKED;0,5998616
171;11,8998149;0,834047;7,20576E+16;WristRight;TRACKED;0,8002338
172;11,932803;0,8670351;7,20576E+16;WristRight;TRACKED;0,8957003
173;12,0328053;0,9670374;7,20576E+16;WristRight;TRACKED;1,06986
190;13,0328072;0,0330041;7,20576E+16;WristRight;TRACKED;0,01550319
191;13,132809;0,1330059;7,20576E+16;WristRight;TRACKED;0,1134762
192;13,2327986;0,2329955;7,20576E+16;WristRight;TRACKED;0,3032915
193;13,2998187;0,3000156;7,20576E+16;WristRight;TRACKED;0,4389857
194;13,3657748;0,3659717;7,20576E+16;WristRight;TRACKED;0,5725226
195;13,4658006;0,4659975;7,20576E+16;WristRight;TRACKED;0,8657483
196;13,4998082;0,5000051;7,20576E+16;WristRight;TRACKED;0,9956145
197;13,5658102;0,5660071;7,20576E+16;WristRight;TRACKED;0,9706341
198;13,6328645;0,6330614;7,20576E+16;WristRight;TRACKED;0,9312211
199;13,6657881;0,665985;7,20576E+16;WristRight;TRACKED;0,877583
212;14,5657867;0,0659673;7,20576E+16;WristRight;TRACKED;0,01330232
213;14,5998246;0,1000052;7,20576E+16;WristRight;TRACKED;0,04290025
214;14,6327941;0,1329747;7,20576E+16;WristRight;TRACKED;0,08493049
215;14,7328096;0,2329902;7,20576E+16;WristRight;TRACKED;0,2819902
216;14,765784;0,2659646;7,20576E+16;WristRight;TRACKED;0,3485518
217;14,8328212;0,3330018;7,20576E+16;WristRight;TRACKED;0,6070936
218;14,9328025;0,4329831;7,20576E+16;WristRight;TRACKED;0,8589925
219;14,9998353;0,5000159;7,20576E+16;WristRight;TRACKED;0,9654527
220;15,0657723;0,5659529;7,20576E+16;WristRight;TRACKED;1,001428
271;18,5998012;0,0669639;7,20576E+16;WristRight;TRACKED;0,000612084
272;18,8328422;0,3000049;7,20576E+16;WristRight;TRACKED;0,08586401
273;18,8657775;0,3329402;7,20576E+16;WristRight;TRACKED;0,1464733
274;18,9328259;0,3999886;7,20576E+16;WristRight;TRACKED;0,1912814
275;18,999828;0,4669907;7,20576E+16;WristRight;TRACKED;0,2862549
276;19,0328141;0,4999768;7,20576E+16;WristRight;TRACKED;0,3063493
277;19,0998161;0,5669788;7,20576E+16;WristRight;TRACKED;0,5005107
278;19,1657961;0,6329588;7,20576E+16;WristRight;TRACKED;0,6131783
280;19,2998163;0,766979;7,20576E+16;WristRight;TRACKED;0,7686659
294;20,33282;0,0329939;7,20576E+16;WristRight;TRACKED;0,006524953
295;20,432813;0,1329869;7,20576E+16;WristRight;TRACKED;0,05722874
296;20,4998453;0,2000192;7,20576E+16;WristRight;TRACKED;0,1607774
297;20,5998203;0,2999942;7,20576E+16;WristRight;TRACKED;0,3257644
301;20,8328241;0,532998;7,20576E+16;WristRight;TRACKED;0,6250842
315;21,8658029;0,0329656;7,20576E+16;WristRight;TRACKED;0,02442646
316;21,9658379;0,1330006;7,20576E+16;WristRight;TRACKED;0,1468028
317;22,0328033;0,199966;7,20576E+16;WristRight;TRACKED;0,2714874
318;22,1328208;0,2999835;7,20576E+16;WristRight;TRACKED;0,4520425
319;22,1658093;0,332972;7,20576E+16;WristRight;TRACKED;0,4870877
320;22,2328182;0,3999809;7,20576E+16;WristRight;TRACKED;0,6398571
321;22,3658002;0,5329629;7,20576E+16;WristRight;TRACKED;0,7766173
322;22,4328257;0,5999884;7,20576E+16;WristRight;TRACKED;0,8513764
338;23,4657874;0,0659683;7,20576E+16;WristRight;TRACKED;0,007513955
339;23,5328197;0,1330006;7,20576E+16;WristRight;TRACKED;0,08098622
340;23,5657838;0,1659647;7,20576E+16;WristRight;TRACKED;0,1292349
341;23,6328322;0,2330131;7,20576E+16;WristRight;TRACKED;0,2588291
342;23,6998162;0,2999971;7,20576E+16;WristRight;TRACKED;0,3998284
343;23,7328253;0,3330062;7,20576E+16;WristRight;TRACKED;0,4875786
344;23,7998107;0,3999916;7,20576E+16;WristRight;TRACKED;0,566737
345;23,8328061;0,432987;7,20576E+16;WristRight;TRACKED;0,661904
346;23,899833;0,5000139;7,20576E+16;WristRight;TRACKED;0,7128221
348;23,9998148;0,5999957;7,20576E+16;WristRight;TRACKED;0,8565824
349;24,0328365;0,6330174;7,20576E+16;WristRight;TRACKED;0,8206187
365;25,0328185;0,0670236;7,20576E+16;WristRight;TRACKED;0,01348526
366;25,1328213;0,1670264;7,20576E+16;WristRight;TRACKED;0,1040016
367;25,1657961;0,2000012;7,20576E+16;WristRight;TRACKED;0,1428061
368;25,2328363;0,2670414;7,20576E+16;WristRight;TRACKED;0,2732454
369;25,2997977;0,3340028;7,20576E+16;WristRight;TRACKED;0,4349889
370;25,365789;0,3999941;7,20576E+16;WristRight;TRACKED;0,60576
371;25,3998372;0,4340423;7,20576E+16;WristRight;TRACKED;0,5710465
372;25,5328256;0,5670307;7,20576E+16;WristRight;TRACKED;0,8330337
